ID,Data,,,Effect,,,,,,,,,,,
,Series,Rarity,ItemName,Cool,Limit,Stack,Main Tag,Default Effect Description,Condition,Special Effect Description,,,,,
Item1,Weapon,Common,나무검,,,1,기본 공격,"단순 공격 (범위 0.5, 데미지 5)",,,,,,,
Item2,Weapon,Common,돌검,,,1,기본 공격,"단순 공격 (범위 0.75, 데미지 7.5)",,,,,,,
Item3,Weapon,Common,녹슨칼,,,1,기본 공격,"단순 공격 (범위 1, 데미지 10)",,,,,,,
Item4,Weapon,Common,녹슨창,,,1,관통 공격,"직선 공격 (범위 가로 0.5 세로 3, 데미지 10)",,,,,,,
Item5,Weapon,Common,녹슨도끼,,,1,강한 공격,"단순 공격 (범위 0.5, 데미지 20)",,,,,,,
Item6,Weapon,Common,녹슨망치,,,1,스턴 공격,"단순 공격 (범위 0.5, 데미지 15) + [적 상태 : 기절 (지속 1)] 부여",,,,,,,
Item7,Weapon,Common,사냥용활,,,1,상태 부여,[상태 : 활 (지속 1회)] 부여,,,,,,,
Item8,Weapon,Common,화살1 - 일반,,,1,부가 공격,기초 공격,상태 : 활,"상태시 직선 공격 (범위 가로 0.5 세로 5, 데미지 20)",,,,,
Item9,Weapon,Common,화살2 - 얼음,,,1,부가 공격,기초 공격,상태 : 활,"상태시 직선 공격 (범위 가로 0.5 세로 5, 데미지 5) + 피격 효과(슬로우 50%)",,,,,
Item10,Weapon,Common,화살3 - 화염,,,1,부가 공격,기초 공격,상태 : 활,"상태시 직선 공격 (범위 가로 0.5 세로 5, 데미지 5) + 피격 효과 : 도트 공격(데미지 2, 지속 5)",,,,,
Item11,Weapon,Common,철검,,,1,기본 공격,"단순 공격 (범위 1.5, 데미지 15)",,,,,,,
Item12,Weapon,Common,철창,,,1,관통 공격,"직선 공격 (범위 가로 0.5 세로 4, 데미지 20)",,,,,,,
Item13,Weapon,Common,철도끼,,,1,강한 공격,"단순 공격 (범위 1, 데미지 40)",,,,,,,
Item14,Weapon,Common,철망치,,,1,스턴 공격,"단순 공격 (범위 1, 데미지 20) + [적 상태 : 기절 (지속 1.5)] 부여",,,,,,,
Item15,Weapon,Rare,붉은검,,,1,기본 공격,"단순 공격 (범위 1.5, 데미지 60)",,,,,,,
Item16,Weapon,Rare,붉은창,,,1,관통 공격,"직선 공격 (범위 가로 0.5 세로 5, 데미지 30)",,,,,,,
Item17,Weapon,Rare,붉은도끼,,,1,강한 공격,"단순 공격 (범위 2, 데미지 60)",,,,,,,
Item18,Weapon,Rare,붉은망치,,,1,스턴 공격,"단순 공격 (범위 1.5, 데미지 25) + [적 상태 : 기절 (지속 2)] 부여",,,,,,,
Item19,Weapon,Rare,금메이스,,,1,제어 공격,"단순 공격 (범위 2, 데미지 30) + [적 제어 : 밀어내기 (강도 1)] 부여",,,,,,,
Item20,Weapon,Rare,금삼지창,,,1,연속 공격,"연속 단순 공격 (범위 1, 데미지 20, 인터벌 3회 수직 0.5)",,,,,,,
Item21,Weapon,Rare,금괭이,,,1,장판 생성,"단순 공격 (범위 3, 데미지 10) + [장판 : 땅고르기 (지속 5)] 생성",,,,,,,
Item22,Weapon,Rare,철방패,,,1,버프 부여,"버프 (쿨다운 회복속도 -20%, 방어력 10, 지속 15)",,,,,,,
Item23,Weapon,Rare,쇠뇌,,,1,상태 부여,[상태 : 활(지속 4회)] 부여,,,,,,,
Item24,Weapon,Epic,함성의 검,,,1,기본 공격,"단순 공격 (범위 2, 데미지 20)",,,,,,,
Item25,Weapon,Epic,함성의 창,,,1,관통 공격,"직선 공격 (범위 가로 0.5 세로 6, 데미지 40)",,,,,,,
Item26,Weapon,Epic,함성의 도끼,,,1,강한 공격,"단순 공격 (범위 2.5, 데미지 80)",,,,,,,
Item27,Weapon,Epic,함성의 망치,,,1,스턴 공격,"단순 공격 (범위 2, 데미지 30) + [적 상태 : 기절 (지속 2.5)] 부여",,,,,,,
Item28,Weapon,Epic,로켓화살,,,1,부가 공격,기초 공격,상태 : 활,"상태시 직선 공격(범위 가로 1 세로 5, 데미지 10) + 첫 피격 효과 : 단순 공격 (범위 1, 데미지 20)",,,,,
Item29,Weapon,Legendary,별부수기 대검,,,1,강한 공격,"단순 공격 (범위 5, 데미지 150) + [상태 : 별부수기(지속 1회)] 부여",,,,,,,
Item30,Weapon,Legendary,별부수기 곡괭이,,,1,부여 공격,"단순 공격 (범위 2, 데미지 50) + [상태 : 별부수기(지속 3회)] 부여",,,,,,,
Material1,Weapon,Common,나뭇가지,10,99,1,재료,기초 공격,,,,,,,
Material2,Weapon,Common,돌덩이,10,99,1,재료,기초 공격,,,,,,,
Material3,Weapon,Common,나무판자,10,99,1,재료,기초 공격,,,,,,,
Material4,Weapon,Rare,못,10,99,1,재료,기초 공격,,,,,,,
Material5,Weapon,Rare,철구슬,10,99,1,재료,기초 공격,,,,,,,
Material6,Weapon,Rare,밧줄,10,99,1,재료,기초 공격,,,,,,,
Material7,Weapon,Epic,화염가루,10,99,1,재료,기초 공격,,,,,,,
Material8,Weapon,Epic,크림슨덩어리,10,99,1,재료,기초 공격,,,,,,,
Material9,Weapon,Epic,별부수기 목걸이,10,99,1,재료,기초 공격,,,,,,,
Item1,Food,Common,사과,,,,공격 버프,"버프 (공격력 +10%, 지속 8)",,,,,,,
Item2,Food,Common,감자,,,,방어 버프,"버프 (방어력 +10, 지속 8)",,,,,,,
Item3,Food,Common,따뜻한 수프,,,,재생 버프,"식물 체력 15 회복 + 버프 (초당 체력 회복 1, 지속 5)",,,,,,,
Item4,Food,Common,생선,,,,랜덤 버프,"버프 (공격력 +20%, 70%) or 디버프 (공격력 -10%, 30%)",,,,,,,
Item5,Food,Common,당근,,,,이동 버프,"버프 (이동속도 +15%, 지속 8)",,,,,,,
Item6,Food,Common,빵,,,,지속 버프,"버프 (쿨다운 회복속도 +10%, 지속 8)",,,,,,,
Item7,Food,Common,꿀,,,,지속 버프,"버프 (모든 버프 지속시간 +20%, 지속 10)",,,,,,,
Item8,Food,Common,버섯,,,,공격버프,"버프 (최대 사거리 +1, 지속 8)",,,,,,,
Item9,Food,Common,치즈,,,,방어 버프,"버프 (방어력 +10%, 지속 10)",,,,,,,
Item10,Food,Common,레몬,,,1,기본 공격,"단순 공격 (범위 1.5, 데미지 50) + [장판 : 레몬즙 (지속 10)] 생성",,,,,,,
Item11,Food,Common,체리,,,1,동시 공격,"동시 공격 (범위 1.5, 데미지 20, 인터벌 2회 수평 1) ",,,,,,,
Item12,Food,Common,고추,,,,공격 버프,"버프 (공격력 +20, 쿨다운 회복속도 -10%, 지속 8)",,,,,,,
Item13,Food,Common,옥수수,,,1,연속 공격,"연속 단순 공격 (범위 1, 데미지 20, 인터벌 2 ~ 4회 랜덤 0.5)",,,,,,,
Item14,Food,Common,달걀,,,10,종합 버프,"버프 (공격력 +1, 방어력 +1, 최대 사거리 +0.1, 이동속도 +0.1, 지속 10)",,,,,,,
Item15,Food,Rare,스테이크,,,,강화 버프,"버프 (공격력 +30, 지속 10)",,,,,,,
Item16,Food,Rare,커피,,,,쿨감 버프,"버프 (쿨다운 회복속도 +25%, 이동속도 +15%, 지속 10)",,,,,,,
Item17,Food,Rare,차가운 수프,,,,쿨감 버프,"버프 (쿨다운 회복속도 +20%, 최대 사거리 +2, 지속 10)",,,,,,,
Item18,Food,Rare,꿀단지,,,,재생 버프,"식물 체력 30 회복 + 버프 (초당 체력 회복 2, 지속 8)",,,,,,,
Item19,Food,Rare,바삭한 파이,,,1,강한 공격,"단순 공격 (범위 2, 데미지 100)",,,,,,,
Item20,Food,Rare,와인,,,,공격 버프,"버프 (공격력 +40%, 이동속도 -15%, 지속 12)",,,,,,,
Item21,Food,Rare,왕만두,,,,방어 버프,"식물 버프 (최대 체력 +50, 방어력 +8, 지속 15)",,,,,,,
Item22,Food,Rare,카레,,,,공격 버프,"버프 (공격력 +25, 최대 사거리 +20%, 지속 12)",,,,,,,
Item23,Food,Rare,우유,,,,정화 버프,식물과 플레이어의 해로운 상태 모두 제거,,,,,,,
Item24,Food,Epic,햄버거,,,,공격 버프,"버프 (공격력 +30%, 이동속도 +20%, 쿨다운 회복속도 +20%, 지속 15)",,,,,,,
Item25,Food,Epic,케이크,,,,방어 버프,식물 체력 50 회복,,,,,,,
Item26,Food,Epic,독사과,,,,공격 버프,"버프 (공격력 +70%, 최대 사거리 +50% 지속 10) + 식물 현재 체력 20% 감소",,,,,,,
Item27,Food,Epic,마시멜로,,,1,상태 부여,[상태 : 따뜻한 마시멜로 (지속 10)] 부여,,,,,,,
Item28,Food,Epic,수박,,,1,소환 생성,[소환수 : 수박] 생성,,,,,,,
Item29,Food,Legendary,크리스탈 사과,,,1,상태 부여,[상태 : 수정의 축복 (지속 20)] 부여,,,,,,,
Item30,Food,Legendary,크리스탈 파이,,,,종합 버프,"식물 체력 100 회복 + 버프 (공격력 +50%, 방어력 +15, 쿨다운 회복속도 +30%, 지속 20)",,,,,,,
Material1,Food,Common,달걀,10,99,1,재료,기초 공격,,,,,,,
Material2,Food,Common,밀가루,10,99,1,재료,기초 공격,,,,,,,
Material3,Food,Common,식칼,10,99,1,재료,기초 공격,,,,,,,
Material4,Food,Rare,후라이팬,10,99,1,재료,기초 공격,,,,,,,
Material5,Food,Rare,나무그릇,10,99,1,재료,기초 공격,,,,,,,
Material6,Food,Rare,냄비,10,99,1,재료,기초 공격,,,,,,,
Material7,Food,Epic,절구,10,99,1,재료,기초 공격,,,,,,,
Material8,Food,Epic,커피잔,10,99,1,재료,기초 공격,,,,,,,
Material9,Food,Epic,조미료,10,99,1,재료,기초 공격,,,,,,,
Item1,Mineral,Common,석탄원석,,,,장판 생성,[장판 : 회백 광맥 (지속 5)] 생성,,,,,,,
Item2,Mineral,Common,염화원석,,,,상태 부여,[상태 : 회백 정련 (지속 5)] 부여,,,,,,,
Item3,Mineral,Common,적동원석,,,,장판 생성,[장판 : 대지 광맥 (지속 5)] 생성,,,,,,,
Item4,Mineral,Common,구리원석,,,,상태 부여,[상태 : 대지 맥동 (지속 5)] 부여,,,,,,,
Item5,Mineral,Common,백금원석,,,,장판 생성,[장판 : 찬란 광맥 (지속 5)] 생성,,,,,,,
Item6,Mineral,Common,금원석,,,,상태 부여,[상태 : 찬란 공명 (지속 5)] 부여,,,,,,,
Item7,Mineral,Common,석탄주괴,,,,,기초 공격,상태 : 회백 & 장판 : 회백,상태시 폭발형 범위 공격,,,,,
Item8,Mineral,Common,염화주괴,,,,,기초 공격,상태 : 회백 & 장판 : 회백,상태시 화상 공격,,,,,
Item9,Mineral,Common,적동주괴,,,,,기초 공격,상태 : 대지 & 장판 : 대지,상태시 번개 장판 생성,,,,,
Item10,Mineral,Common,구리주괴,,,,,기초 공격,상태 : 대지 & 장판 : 대지,상태시 강한 번개 공격,,,,,
Item11,Mineral,Common,백금주괴,,,,,기초 공격,상태 : 찬란 & 장판 : 찬란,상태시 주기적 광선 공격 소환물 설치,,,,,
Item12,Mineral,Common,금주괴,,,,,기초 공격,상태 : 찬란 & 장판 : 찬란,상태시 적 혼란 부여,,,,,
Item13,Mineral,Rare,오팔원석,,,,장판 생성,[장판 : 회백 광맥 (지속 15)] 생성,,,,,,,
Item14,Mineral,Rare,미스릴원석,,,,상태 부여,[상태 : 회백 정련 (지속 15)] 부여,,,,,,,
Item15,Mineral,Rare,비취원석,,,,장판 생성,[장판 : 대지 광맥 (지속 15)] 생성,,,,,,,
Item16,Mineral,Rare,흑요원석,,,,상태 부여,[상태 : 대지 맥동 (지속 15)] 부여,,,,,,,
Item17,Mineral,Rare,청람원석,,,,장판 생성,[장판 : 찬란 광맥 (지속 15)] 생성,,,,,,,
Item18,Mineral,Rare,심홍원석,,,,상태 부여,[상태 : 찬란 공명 (지속 15)] 부여,,,,,,,
Item19,Mineral,Rare,오팔주괴,,,,,기초 공격,상태 : 회백 & 장판 : 회백,상태시 터져서 공격하는 범위 공격,,,,,
Item20,Mineral,Rare,비취주괴,,,,,기초 공격,상태 : 회백 & 장판 : 회백,상태시 3연 공격,,,,,
Item21,Mineral,Rare,미스릴주괴,,,,,기초 공격,상태 : 대지 & 장판 : 대지,상태시 바위로 밀쳐내기 공격 및 스턴,,,,,
Item22,Mineral,Rare,청람주괴,,,,,기초 공격,상태 : 대지 & 장판 : 대지,상태시 출혈 부여,,,,,
Item23,Mineral,Rare,심홍주괴,,,,,기초 공격,상태 : 찬란 & 장판 : 찬란,상태시 장판 지우고 전체 스턴,,,,,
Item24,Mineral,Rare,흑요주괴,,,,,기초 공격,상태 : 찬란 & 장판 : 찬란,상태시 장판 지우고 광범위 거대 공격,,,,,
Item25,Mineral,Epic,루비,,,,,최대 화상 공격,상태 : 무지개 & 장판 : 무지개,상태시 공격 강화 및 연쇄 폭발,,,,,
Item26,Mineral,Epic,토파즈,,,,,최대 번개 공격,상태 : 무지개 & 장판 : 무지개,상태시 공격 강화 및 강적에게 추가타,,,,,
Item27,Mineral,Epic,페리도트,,,,,최대 직선 공격,상태 : 무지개 & 장판 : 무지개,상태시 공격 강화 및 속박 추가,,,,,
Item28,Mineral,Epic,아쿠아마린,,,,,최대 범위 공격,상태 : 무지개 & 장판 : 무지개,상태시 공격 강화 및 끌어당기고 종료시 빙결,,,,,
Item29,Mineral,Legendary,오리하르콘주괴,,,,장판 생성,[장판 : 무지개 광맥 (지속 15)] 생성,,,,,,,
Item30,Mineral,Legendary,오리하르콘덩어리,,,,상태 부여,[상태 : 무지개 축복 (지속 15)] 부여,,,,,,,
Material1,Mineral,Common,대장장이견습망치,10,99,1,상태 부여,[상태 : 정교한 대장장이 (지속 10)] 부여,,,,,,,
Material2,Mineral,Common,불쏘시게,10,99,1,재료,기초 공격,,,,,,,
Material3,Mineral,Common,작은용암레진,10,99,1,상태 부여,[상태 : 강인한 대장장이 (지속 10)] 부여,,,,,,,
Material4,Mineral,Rare,대장장이금망치,10,99,1,상태 부여,[상태 : 정교한 대장장이 (지속 20)] 부여,,,,,,,
Material5,Mineral,Rare,나무판자,10,99,1,재료,기초 공격,,,,,,,
Material6,Mineral,Rare,용암레진,10,99,1,상태 부여,[상태 : 강인한 대장장이 (지속 20)] 부여,,,,,,,
Material7,Mineral,Epic,대장장이초월망치,10,99,1,상태 부여,[상태 : 정교한 대장장이 (지속 30)] 부여,,,,,,,
Material8,Mineral,Epic,고급통나무,10,99,1,재료,기초 공격,,,,,,,
Material9,Mineral,Epic,넝측용암레진,10,99,1,상태 부여,[상태 : 강인한 대장장이 (지속 30)] 부여,,,,,,,
Item1,Monster,Common,슬라임점액1,,,,,적 이속 디버프,,,,,,,
Item2,Monster,Common,슬라임점액2,,,,,기본 공격,,,,,,,
Item3,Monster,Common,슬라임점액3,,,,,분열공격,,,,,,,
Item4,Monster,Common,슬라임점액4,,,,,장판 디버프,,,,,,,
Item5,Monster,Common,깃털1,,,,,적 공속 디버프,,,,,,,
Item6,Monster,Common,깃털2,,,,,적 밀어내기,,,,,,,
Item7,Monster,Common,깃털3,,,,,적 댕기기,,,,,,,
Item8,Monster,Common,도마뱀테일,,,,,미끼 생성,,,,,,,
Item9,Monster,Common,짐승송곳니,,,,,강공격 + 출혈,,,,,,,
Item10,Monster,Common,짐승발톱,,,,,강공격 + 방어 감소,,,,,,,
Item11,Monster,Common,거미줄,,,,,거미줄에 오래 체류시 거미가 물어감,,,,,,,
Item12,Monster,Common,작은뼈,,,,,뼈 시리즈 쿨 감소,,,,,,,
Item13,Monster,Common,곤충날개,,,,,깃털 쿨 감소,,,,,,,
Item14,Monster,Common,스켈레톤헤드,,,,,소환 작은 스켈레톤,,,,,,,
Item15,Monster,Rare,슬라임덩어리,,,,,효과 전부 0.5배 적용된 슬라임 아이템 ,,,,,,,
Item16,Monster,Rare,스켈레톤무더기,,,,,3 소환 작은 스켈레톤,,,,,,,
Item17,Monster,Rare,뿔1,,,,,직선 공격,,,,,,,
Item18,Monster,Rare,뿔2,,,,,일반 강공격,,,,,,,
Item19,Monster,Rare,샤크테일,,,,,3초간 장판 공격,,,,,,,
Item20,Monster,Rare,샥스핀,,,,,3초뒤 강공격,,,,,,,
Item21,Monster,Rare,앵무조개껍대기,,,,,지속적 끌어당기기,,,,,,,
Item22,Monster,Rare,소라껍대기,,,,,적 혼란 부여,,,,,,,
Item23,Monster,Rare,황금깃털,,,,,상태 황금깃털 부여,,,,,,,
Item24,Monster,Epic,뼈1,,,,,뼈1 소환,"소환 : 뼈 1,2,3,4,5",소환물 존재시 강한 스켈레톤 드래곤 소환,,,,,
Item25,Monster,Epic,뼈2,,,,,뼈2 소환,"소환 : 뼈 1,2,3,4,5",소환물 존재시 강한 스켈레톤 드래곤 소환,,,,,
Item26,Monster,Epic,뼈3,,,,,뼈3 소환,"소환 : 뼈 1,2,3,4,5",소환물 존재시 강한 스켈레톤 드래곤 소환,,,,,
Item27,Monster,Epic,뼈4,,,,,뼈4 소환,"소환 : 뼈 1,2,3,4,5",소환물 존재시 강한 스켈레톤 드래곤 소환,,,,,
Item28,Monster,Epic,뼈5,,,,,뼈5 소환,"소환 : 뼈 1,2,3,4,5",소환물 존재시 강한 스켈레톤 드래곤 소환,,,,,
Item29,Monster,Legendary,은색송곳니,,,,,표식 : 은색 사냥꾼 부여,,,,,,,
Item30,Monster,Legendary,금색송곳니,,,,,표식 : 금색 사냥꾼 부여,,,,,,,
Material1,Monster,Common,갈무리칼,10,99,1,재료,기초 공격,,,,,,,
Material2,Monster,Common,끌,10,99,1,재료,기초 공격,,,,,,,
Material3,Monster,Common,가죽,10,99,1,재료,기초 공격,,,,,,,
Material4,Monster,Rare,고급 갈무리칼,10,99,1,재료,기초 공격,,,,,,,
Material5,Monster,Rare,단지,10,99,1,재료,기초 공격,,,,,,,
Material6,Monster,Rare,실,10,99,1,재료,기초 공격,,,,,,,
Material7,Monster,Epic,램프,10,99,1,재료,기초 공격,,,,,,,
Material8,Monster,Epic,진홍빛 갈무리칼,10,99,1,재료,기초 공격,,,,,,,
Material9,Monster,Epic,서릿빛 갈무리칼,10,99,1,재료,기초 공격,,,,,,,
Item1,Fishing,Common,은빛 송사리,,,,,가장 가까운 적에게 송사리 3마리 발사 (마리당 데미지 4),,,,,,,
Item2,Fishing,Common,철갑 가시복,,,,,"원형 공격 (범위 1.5, 데미지 12) + 가시 6개 방사 (데미지 2)",,,,,,,
Item3,Fishing,Common,은빛 상어,,,,,"직선 공격 (가로 0.75, 세로 4, 데미지 15)",,,,,,,
Item4,Fishing,Common,청록고등어,,,,,가장 가까운 적에게 데미지 8; 주변 적에게 최대 3회 도탄 (도탄당 데미지 6),,,,,,,
Item5,Fishing,Common,푸른해파리,,,,,"[지형 : 해파리 전류 (범위 2, 지속 5)] 생성; 주기 공격 (데미지 3, 인터벌 1) + 슬로우 20%",,,,,,,
Item6,Fishing,Common,가오리,,,,,"직선 왕복 공격 (가로 1.5, 세로 4, 왕복 각 데미지 8)",,,,,,,
Item7,Fishing,Common,하얀 도미,,,,,도미가 범위 2를 3회 회전하며 공격 (회전당 데미지 5),,,,,,,
Item8,Fishing,Common,소라,,,,,"목표 위치에 지연 포격 (예고 1, 범위 1.5, 데미지 18)",,,,,,,
Item9,Fishing,Common,회색상어,,,,,"가장 먼 적 방향으로 직선 공격 (가로 1, 세로 5, 데미지 20)",,,,,,,
Item10,Fishing,Common,조개,,,,,"부채꼴 공격 (범위 2.5, 파편 5개, 파편당 데미지 4)",,,,,,,
Item11,Fishing,Common,불가사리,,,,,"불가사리 팔 5방향 직선 공격 (길이 2.5, 데미지 5)",,,,,,,
Item12,Fishing,Common,새우,,,,,무작위 적 4명에게 새우가 순차 도약 공격 (대상당 데미지 6),,,,,,,
Item13,Fishing,Common,해초,,,,,"[지형 : 해초밭 (범위 2, 지속 6)] 생성; 내부 적 슬로우 35%",,,,,,,
Item14,Fishing,Common,산호돔,,,,,기초공격,해초밭 / 붉은 해초밭,강공격 / 강강공격,,,,,
Item15,Fishing,Rare,녹색 대포 물고기,,,,,소환 : 대포물고기,,,,,,,
Item16,Fishing,Rare,전기뱀방어,,,,,"적 최대 5명에게 연쇄 번개 (첫 데미지 20, 전이마다 -3) + 마비 0.5초",,,,,,,
Item17,Fishing,Rare,복어,,,,,"독 (데미지 4, 인터벌 1, 지속 5)",,,,,,,
Item18,Fishing,Rare,고래상어,,,,,"직선 공격 (가로 2, 세로 6, 데미지 40) + 경로의 적을 양옆으로 밀어냄",,,,,,,
Item19,Fishing,Rare,문어,,,,,범위 3의 적 최대 4명을 촉수로 끌어당기고 데미지 15,,,,,,,
Item20,Fishing,Rare,발광오징어,,,,,표식 : 발광 부여,,,,,,,
Item21,Fishing,Rare,붉은해초,,,,,"[지형 : 붉은 해초 (범위 2.5, 지속 8)] 생성; 내부 적 출혈 (데미지 3, 인터벌 1)",,,,,,,
Item22,Fishing,Rare,화살고기,,,,,"가장 가까운 적 방향으로 화살고기 3마리 발사 (가로 0.4, 세로 5, 마리당 데미지 12)",,,,,,,
Item23,Fishing,Rare,잉어,,,,,잉어가 적 사이를 최대 6회 도약 (도약당 데미지 10); 같은 적 재피격 가능,,,,,,,
Item24,Fishing,Epic,푸른 귀상어,,,,,"귀상어가 직선 돌진 (가로 2, 세로 6, 데미지 55) + 첫 피격 적 수직 분열",,,,,,,
Item25,Fishing,Epic,심해 아귀,,,,,범위 3의 적을 중심으로 끌어당기며 2초 뒤 폭발 (데미지 60),,,,,,,
Item26,Fishing,Epic,짝퉁 크라켄,,,,,"범위 3 내 무작위 위치 8곳을 촉수 공격 (회당 범위 0.8, 데미지 15)",,,,,,,
Item27,Fishing,Epic,은빛 청어,,,,,은빛 청어 10마리가 무작위 난사공격,,,,,,,
Item28,Fishing,Epic,금빛 청어,,,,,금빛 청어 8마리가 체력이 높은 적부터 추적 공격 (마리당 데미지 12),,,,,,,
Item29,Fishing,Legendary,유령 물고기,,,,,표식 : 나랑 같이 부여,,,,,,,
Item30,Fishing,Legendary,크라켄의 다리,,,,,범위 5에 촉수 8개 생성; 각 촉수가 가장 가까운 적을 붙잡아 3회 공격 (회당 데미지 25),,,,,,,
Material1,Fishing,Common,물갈퀴,10,99,1,재료,기초 공격,,,,,,,
Material2,Fishing,Common,하급 바늘,10,99,1,재료,기초 공격,,,,,,,
Material3,Fishing,Common,하급 낚시대,10,99,1,상태 부여,[상태 : 하급 낚시] 부여,,,,,,,
Material4,Fishing,Rare,물안경,10,99,1,재료,기초 공격,,,,,,,
Material5,Fishing,Rare,중급 찌,10,99,1,재료,기초 공격,,,,,,,
Material6,Fishing,Rare,중급 바늘,10,99,1,재료,기초 공격,,,,,,,
Material7,Fishing,Rare,중급 낚시대,10,99,1,상태 부여,[상태 : 중급 낚시] 부여,,,,,,,
Material8,Fishing,Epic,산소통,10,99,1,재료,기초 공격,,,,,,,
Material9,Fishing,Epic,고급 낚시줄,10,99,1,재료,기초 공격,,,,,,,
Material10,Fishing,Epic,고급 찌,10,99,1,재료,기초 공격,,,,,,,
Material11,Fishing,Epic,고급 바늘,10,99,1,재료,기초 공격,,,,,,,
Material12,Fishing,Epic,고급 낚시대,10,99,1,상태 부여,[상태 : 고급 낚시] 부여,,,,,,,
Material13,Fishing,Legendary,최고급 찌,10,99,1,재료,기초 공격,,,,,,,
Material14,Fishing,Legendary,최고급 바늘,10,99,1,재료,기초 공격,,,,,,,
Material15,Fishing,Legendary,최고급 낚시대,10,99,1,상태 부여,[상태 : 최고급 낚시] 부여,,,,,,,
Item1,Plant,Common,나뭇잎1,,,,,직선 공격,,,,,,,
Item2,Plant,Common,나뭇잎2,,,,,범위 공격,,,,,,,
Item3,Plant,Common,나뭇잎3,,,,,상태 이상 공격,,,,,,,
Item4,Plant,Common,나뭇가지,,,,,기초 공격,,,,,,,
Item5,Plant,Common,꽃뭉치,,,,,[적 상태 : 꽃가루] 부여,,,,,,,
Item6,Plant,Common,목화꽃,,,,,[상태 : 꽃 지기] 부여,,,,,,,
Item7,Plant,Common,작은나무,,,,,"[소환수 : 작은 나무 (나뭇잎 1,2,3, 나뭇가지 사용)] 소환",,,,,,,
Item8,Plant,Common,큰흘림잎,,,,,체력 10퍼 이하 적 즉사,,,,,,,
Item9,Plant,Common,붉은뿌리,,,,,[적 상태 : 화상] 부여,,,,,,,
Item10,Plant,Common,나무뿌리,,,,,[장판 : 강인한 뿌리 (지속 시간 3)],,,,,,,
Item11,Plant,Common,나무줄기,,,,,3연 공격,,,,,,,
Item12,Plant,Common,대나무,,,,,3초 후 작은 범위 공격,,,,,,,
Item13,Plant,Common,푸른열매덩굴,,,,,스턴 10초,,,,,,,
Item14,Plant,Common,가시덩굴,,,,,[장판 : 가시지옥 (지속 시간 1)],,,,,,,
Item15,Plant,Rare,꽃1,,,,,"[소환수 : 화염꽃 (화염 공격력 8, 지속 12)] 소환",,,,,,,
Item16,Plant,Rare,꽃2,,,,,"[소환수 : 서리꽃 (공격력 5, 슬로우 20%, 지속 12)] 소환",,,,,,,
Item17,Plant,Rare,꽃3,,,,,"[소환수 : 전기꽃 (연쇄 공격력 5, 지속 12)] 소환",,,,,,,
Item18,Plant,Rare,꽃4,,,,,"[소환수 : 치유꽃 (식물 초당 체력 회복 1, 지속 12)] 소환",,,,,,,
Item19,Plant,Rare,꽃5,,,,,"[소환수 : 폭발꽃 (적 접근 시 범위 1.5, 데미지 20, 지속 12)] 소환",,,,,,,
Item20,Plant,Rare,꽃6,,,,,"[소환수 : 포자꽃 (독 공격력 3, 지속 5, 지속 12)] 소환",,,,,,,
Item21,Plant,Epic,만개꽃1,,,,,사용 불가,소환수 상태 : 만개,효과 2배,,,,,
Item22,Plant,Epic,만개꽃2,,,,,사용 불가,소환수 상태 : 만개,효과 2배,,,,,
Item23,Plant,Epic,만개꽃3,,,,,사용 불가,소환수 상태 : 만개,효과 2배,,,,,
Item24,Plant,Epic,만개꽃4,,,,,사용 불가,소환수 상태 : 만개,효과 2배,,,,,
Item25,Plant,Epic,만개꽃5,,,,,사용 불가,소환수 상태 : 만개,효과 2배,,,,,
Item26,Plant,Epic,만개꽃6,,,,,사용 불가,소환수 상태 : 만개,효과 2배,,,,,
Item27,Plant,Epic,선인장1,,,,,강한 범위 공격 후 [장판 : 가시지옥 (지속 시간 2.5)] 부여,,,,,,,
Item28,Plant,Epic,선인장2,,,,,[소환수 : 선인장 (빠른 공격)] 소환,,,,,,,
Item29,Plant,Legendary,네잎클로버,,,,,소환수 상태 만개 부여 (지속 시간 5),,,,,,,
Item30,Plant,Legendary,황금도토리,,,,,버프 (소환 지속 시간 + 15),,,,,,,
Material1,Plant,Common,묘목,10,99,1,재료,기초 공격,,,,,,,
Material2,Plant,Common,삽,10,99,1,재료,기초 공격,,,,,,,
Material3,Plant,Common,괭이,10,99,1,재료,기초 공격,,,,,,,
Material4,Plant,Rare,거름,10,99,1,소환수 강화,버프 (소환 지속 시간 +2.5) + 소환수 상태 만개 부여 (지속 시간 1),,,,,,,
Material5,Plant,Rare,씨앗,10,99,1,재료,기초 공격,,,,,,,
Material6,Plant,Rare,곤충잡이채,10,99,1,재료,기초 공격,,,,,,,
Material7,Plant,Epic,농사비전,10,99,1,재료,기초 공격,,,,,,,
Material8,Plant,Epic,비료?,10,99,1,소환수 강화,버프 (소환 지속 시간 +5 30%) or 체력 -5% + 소환수 상태 만개 부여 (지속 시간 1),,,,,,,
Material9,Plant,Epic,밀짚모자,10,99,1,재료,기초 공격,,,,,,,
Item1,Machine,Common,일반테이프,,,,,터렛 체력 회복,,,,,,,
Item2,Machine,Common,나사못,,,,,기본 공격,,,,,,,
Item3,Machine,Common,황동기어,,,,,터렛 사거리 증가,,,,,,,
Item4,Machine,Common,톱니바퀴,,,,,터렛 공속 증가,,,,,,,
Item5,Machine,Common,압축 스프링,,,,,튕기는 공격,,,,,,,
Item6,Machine,Common,압력조절벨브,,,,,터렛 강화 공격 1회,,,,,,,
Item7,Machine,Common,소형연료통,,,,,장판 미끄덩,,,,,,,
Item8,Machine,Common,전구,,,,,기초 공격,상태 : 완충,큰 범위공격,,,,,
Item9,Machine,Common,전선,,,,,전기 공격 최대 2회,상태 : 완충,전기 공격 최대 5회,,,,,
Item10,Machine,Common,건전지,,,,,상태 : 완충 부여,,,,,,,
Item11,Machine,Common,저항1,,,,,터렛 공격력 추가 증가,,,,,,,
Item12,Machine,Common,저항2,,,,,터렛 공격력 추가 증가,,,,,,,
Item13,Machine,Common,스위치,,,,,터렛 재생,,,,,,,
Item14,Machine,Common,모터,,,,,터렛 공속 증가,,,,,,,
Item15,Machine,Rare,고급테이프,,,,,터렛 체력 강 회복,,,,,,,
Item16,Machine,Rare,케이블,,,,,터렛 일시 강화,,,,,,,
Item17,Machine,Rare,용접 토치,,,,,터렛 화상 공격 전환,,,,,,,
Item18,Machine,Rare,육각렌치,,,,,기본 공격,,,,,,,
Item19,Machine,Rare,압력계,,,,,터렛 공격력 증가,,,,,,,
Item20,Machine,Rare,수도꼭지,,,,,터렛 빙결 공격 전환,,,,,,,
Item21,Machine,Rare,트렌지스터2,,,,,[상태 : 연결] 부여,,,,,,,
Item22,Machine,Rare,트렌지스터1,,,,,[상태 : 단독] 부여,,,,,,,
Item23,Machine,Rare,시야 센서,,,,,터렛 사거리 증가,,,,,,,
Item24,Machine,Epic,붉은 LED,,,,,[상태 : 빨간불! (지속 1회)] 부여,상태 : 파란불!,상태시 강공격,,,,,
Item25,Machine,Epic,초록 LED,,,,,[상태 : 초록불! (지속 1회)] 부여,상태 : 빨간불!,상태시 강공격,,,,,
Item26,Machine,Epic,파랑 LED,,,,,[상태 : 파랑불! (지속 1회)] 부여,상태 : 초록불!,상태시 강공격,,,,,
Item27,Machine,Epic,붉은 코어,,,,,터렛 강화 빨간 모드,,,,,,,
Item28,Machine,Epic,푸른 코어,,,,,터렛 강화 파란 모드,,,,,,,
Item29,Machine,Legendary,데이터 유심,,,,,터렛 지속시간 증가,,,,,,,
Item30,Machine,Legendary,안테나,,,,,[소환수 : 안테나 (근처 터렛 강화)] 소환,,,,,,,
Material1,Machine,Common,드라이버 키트,10,99,1,재료,기초 공격,,,,,,,
Material2,Machine,Common,하급 모듈,10,99,1,재료,기초 공격,,,,,,,
Material3,Machine,Common,하급 터렛,10,99,1,소환 생성,[소환수 : 하급 터렛] 생성,,,,,,,
Material4,Machine,Rare,중급 모듈,10,99,1,재료,기초 공격,,,,,,,
Material5,Machine,Rare,중급 터렛,10,99,1,소환 생성,[소환수 : 중급 터렛] 생성,,,,,,,
Material6,Machine,Epic,고급 모듈,10,99,1,재료,기초 공격,,,,,,,
Material7,Machine,Epic,고급 터렛,10,99,1,소환 생성,[소환수 : 고급 터렛] 생성,,,,,,,
Material8,Machine,Legendary,최고급 모듈,10,99,1,재료,기초 공격,,,,,,,
Material9,Machine,Legendary,최고급 터렛,10,99,1,소환 생성,[소환수 : 최고급 터렛] 생성,,,,,,,
Item1,Magic,Common,마법 스크롤,,,,,"화염구·얼음창·번개 중 하나 무작위 시전 (범위 1.5, 데미지 12)",,,,,,,
Item2,Magic,Common,저주인형,,,,,가장 가까운 적에게 [저주 : 인형 연결 (지속 6)] 부여,,,,,,,
Item3,Magic,Common,빗자루,,,,,"부채꼴 공격 (범위 3, 데미지 8) + 밀어내기 (강도 1.5)",,,,,,,
Item4,Magic,Common,속성 스태프1,,,,,"원형 공격 (범위 1.5, 데미지 10) + 화상 (데미지 2, 지속 4)",,,,,,,
Item5,Magic,Common,속성 스태프2,,,,,"직선 공격 (가로 0.5, 세로 4, 데미지 10) + 슬로우 30% (지속 4)",,,,,,,
Item6,Magic,Common,속성 스태프3,,,,,적 최대 3명에게 연쇄 번개 (대상당 데미지 8) + 마비 0.3초,,,,,,,
Item7,Magic,Common,속성 스태프4,,,,,"목표 위치에 바위 기둥 생성 (범위 1, 데미지 12, 적 밀어내기)",,,,,,,
Item8,Magic,Common,속성 스태프5,,,,,"회오리 생성 (범위 2, 지속 3); 적을 중심으로 끌어당기며 초당 데미지 4",,,,,,,
Item9,Magic,Common,속성 스태프6,,,,,"직선 광선 (가로 0.4, 세로 5, 데미지 15); 아군 관통 시 체력 3 회복",,,,,,,
Item10,Magic,Common,속성 스태프7,,,,,"원형 공격 (범위 1.5, 데미지 12) + 공격력 -15% (지속 5)",,,,,,,
Item11,Magic,Common,견습 마법사의 스태프,,,,,[상태 : 견습 마력 (지속 12)] 1중첩 부여 (최대 5),,,,,,,
Item12,Magic,Common,견습 마법사의 모자,,,,,"[상태 : 견습 보호막 (피해 15 차단, 지속 10)] 부여",,,,,,,
Item13,Magic,Common,견습 마법사의 망토,,,,,"버프 (이동속도 +20%, 지속 8)",,,,,,,
Item14,Magic,Common,라이플탄,,,,,기초 공격,상태 : 라이플,"상태시 다중 직선 공격 (범위 가로 0.5 세로 5, 데미지 20, 인터벌 10회 랜덤 가로 0,5)",,,,,
Item15,Magic,Rare,라이플,,,,,[상태 : 라이플 (지속 3회)] 부여,,,,,,,
Item16,Magic,Rare,별빛 스태프,,,,,"목표 위치에 별빛 5개 낙하 (각 범위 0.8, 데미지 10)",상태 : 별부수기,"목표 위치에 별빛 10개 낙하 (각 범위 0.8, 데미지 10)",,,,,
Item17,Magic,Rare,별빛 포션,,,,,[상태 : 별부수기 (지속 6회)] 부여,,,,,,,
Item18,Magic,Rare,심연 포션,,,,,[장판 : 무지개 광맥 (지속 15)] 생성 + [상태 : 무지개 축복 (지속 15)] 부여,,,,,,,
Item19,Magic,Rare,마법사의 스태프,,,,,[상태 : 대마법사 마력 (지속 4)] 1중첩 부여 (최대 3),상태 : 무지개 & 장판 : 무지개,[상태 : 대마법사 마력 (지속 10)] 2중첩 부여 (최대 10),,,,,
Item20,Magic,Rare,마법사의 모자,,,,,45초 후 모든 쿨 초기화,상태 : 무지개 & 장판 : 무지개,30초 후 모든 쿨 초기화,,,,,
Item21,Magic,Rare,마법사의 망토,,,,,[상태 : 차원 회피 (지속 2)] 부여,상태 : 무지개 & 장판 : 무지개,[상태 : 차원 회피 (지속 4)] 부여,,,,,
Item22,Magic,Rare,샷건탄,,,,,기초 공격,상태 : 샷건,"상태시 다중 단순 공격 (범위 2, 데미지 50, 인터벌 8회 랜덤 0.5)",,,,,
Item23,Magic,Epic,샷건,,,,,[상태 : 샷건 (지속 1회)] 부여,,,,,,,
Item24,Magic,Epic,대마법사의 스태프,,,,,[상태 : 대마법사 마력 (지속 20)] 5중첩 부여 (최대 15),상태 : 무지개 & 장판 : 무지개,[상태 : 대마법사 마력 (지속 30)] 7중첩 부여 (최대 20),,,,,
Item25,Magic,Epic,대마법사의 모자,,,,,15초 후 모든 쿨 초기화,상태 : 무지개 & 장판 : 무지개,10초 후 모든 쿨 초기화,,,,,
Item26,Magic,Epic,대마법사의 망토,,,,,[상태 : 차원 회피 (지속 8)] 부여,상태 : 무지개 & 장판 : 무지개,[상태 : 차원 회피 (지속 16)] 부여,,,,,
Item27,Magic,Epic,마법사의 상자,,,,,랜덤 커먼 등급 매직 시리즈 아이탬 랜덤 5개 동시 사용,,,,,,,
Item28,Magic,Epic,다이너마이트,,,,,강한 범위 공격,,,,,,,
Item29,Magic,Legendary,즉사 샷건탄,,,,,기초 공격,상태 : 샷건,"상태시 다중 단순 공격 (범위 2, 데미지 99999, 인터벌 8회 랜덤 1)",,,,,
Item30,Magic,Legendary,타이무 스토쁘,,,,,시간 5초 정지,,,,,,,
Material1,Magic,Common,하급 마정석,10,99,1,재료,기초 공격,,,,,,,
Material2,Magic,Common,나무 막대기,10,99,1,재료,기초 공격,,,,,,,
Material3,Magic,Common,마법의 정석,10,99,1,재료,기초 공격,,,,,,,
Material4,Magic,Rare,중급 마정석,10,99,1,재료,기초 공격,,,,,,,
Material5,Magic,Rare,포션병,10,99,1,재료,기초 공격,,,,,,,
Material6,Magic,Rare,마법의 정석 2,10,99,1,재료,기초 공격,,,,,,,
Material7,Magic,Epic,고급 마정석,10,99,1,재료,기초 공격,,,,,,,
Material8,Magic,Epic,마법 스태프,10,99,1,재료,기초 공격,,,,,,,
Material9,Magic,Epic,마법의 정석 3,10,99,1,재료,기초 공격,,,,,,,
,,,,,,,,,,,,,,,
